{
  "teams": [
    "ALB",
    "ARG",
    "ARM",
    "AUS",
    "BEL",
    "BOL",
    "BRA",
    "BUL",
    "CAN",
    "CHI",
    "CMR",
    "COL",
    "CRC",
    "CRO",
    "DEN",
    "ECU",
    "ENG",
    "ESP",
    "FRA",
    "GEO",
    "GER",
    "GHA",
    "HUN",
    "IRL",
    "IRN",
    "ITA",
    "JAM",
    "JPN",
    "KOR",
    "KSA",
    "MAR",
    "MEX",
    "NED",
    "PAN",
    "PAR",
    "PER",
    "POL",
    "POR",
    "QAT",
    "SCO",
    "SEN",
    "SRB",
    "SUI",
    "SVK",
    "TUN",
    "TUR",
    "URU",
    "USA",
    "VEN",
    "WAL"
  ],
  "alpha": {
    "ALB": 2.874847728565518,
    "ARG": 4.350582379602812,
    "ARM": 1.5630735762227972,
    "AUS": 3.0884016765054834,
    "BEL": 1.945841402856571,
    "BOL": 0.0012518780694281138,
    "BRA": 4.28337914576489,
    "BUL": 0.00036145972843878906,
    "CAN": 0.7883125392697702,
    "CHI": 0.0021888039556831355,
    "CMR": 3.1571073867314716,
    "COL": 4.562063253943706,
    "CRC": 0.20771550543038683,
    "CRO": 3.4637911621569653,
    "DEN": 0.7412482030508797,
    "ECU": 1.7287283050316908,
    "ENG": 6.914675465072075,
    "ESP": 5.59050953649375,
    "FRA": 5.362106172422269,
    "GEO": 0.5626359110648671,
    "GER": 3.7217929254710316,
    "GHA": 6.407684993585931,
    "HUN": 2.131044648487029,
    "IRL": 2.262301331242222,
    "IRN": 3.2819895849920906,
    "ITA": 2.617671247428439,
    "JAM": 0.0008809489768095499,
    "JPN": 4.542359011001286,
    "KOR": 2.3897790758541517,
    "KSA": 1.1616075892577657,
    "MAR": 2.634448440403622,
    "MEX": 2.6136682970200256,
    "NED": 6.7933829574103175,
    "PAN": 1.449918927071941,
    "PAR": 5.6219879340132035,
    "PER": 0.002376055594202905,
    "POL": 2.46533609489089,
    "POR": 4.503394673819833,
    "QAT": 1.579205359950177,
    "SCO": 3.979080531215986,
    "SEN": 2.5352260966633438,
    "SRB": 0.48363163478129717,
    "SUI": 2.009321307244238,
    "SVK": 5.027270204250262,
    "TUN": 0.006832465464733525,
    "TUR": 2.7984868284085596,
    "URU": 2.9906822633482038,
    "USA": 5.353918566583936,
    "VEN": 1.3486374202218978,
    "WAL": 0.4633963531429065
  },
  "beta": {
    "ALB": 0.3335747023178396,
    "ARG": 0.15431898883646344,
    "ARM": 1.1644002761415126,
    "AUS": 0.1627920034514827,
    "BEL": 0.1754651067761959,
    "BOL": 1.0157954320062308,
    "BRA": 0.36731125845823603,
    "BUL": 0.4612366953437403,
    "CAN": 0.38261100691997896,
    "CHI": 0.3480945010841054,
    "CMR": 1.238920617298324,
    "COL": 0.14198352136516854,
    "CRC": 0.38428990130236534,
    "CRO": 0.23751567173724708,
    "DEN": 0.354031533015837,
    "ECU": 0.18178773762277664,
    "ENG": 0.2211827535243249,
    "ESP": 0.22298594912326639,
    "FRA": 0.24142711499678388,
    "GEO": 0.5386245681451542,
    "GER": 0.25355537223801955,
    "GHA": 0.539133508711005,
    "HUN": 0.4534166087499566,
    "IRL": 0.09162170341437388,
    "IRN": 0.2861730629018608,
    "ITA": 0.47405535731018655,
    "JAM": 0.23738107191942837,
    "JPN": 0.18747174135768213,
    "KOR": 0.4419540729579099,
    "KSA": 0.40757475796913817,
    "MAR": 0.16371663266022407,
    "MEX": 0.43999582735696036,
    "NED": 0.3192372027460922,
    "PAN": 0.7244500106201509,
    "PAR": 0.48083214617797426,
    "PER": 0.221131076480745,
    "POL": 0.28439193259406426,
    "POR": 0.34114201730256116,
    "QAT": 0.5196069309562014,
    "SCO": 0.9846870305647755,
    "SEN": 0.32608792988274166,
    "SRB": 0.3647769147007272,
    "SUI": 0.3373758487430888,
    "SVK": 0.15674342953776724,
    "TUN": 0.24840706825960143,
    "TUR": 0.37413477986766946,
    "URU": 0.2196003666955737,
    "USA": 0.14198528150660428,
    "VEN": 0.568152153392227,
    "WAL": 0.3136729033941723
  },
  "gamma": 1.3635360725730297,
  "rho": -0.24998693639431202,
  "trained_at": "2026-06-15T20:44:20+00:00",
  "n_matches": 138,
  "xi": 0.0019
}