{
  "home": {
    "QAT": -0.8258103173350106,
    "ECU": -0.12619967217717887,
    "ENG": 1.089661943606906,
    "IRN": 0.1028011964604923,
    "SEN": -0.15779951099676492,
    "NED": 1.2988283031759125,
    "USA": 0.8336696351620457,
    "WAL": -1.0327344653316683,
    "ARG": -2.904201029799457,
    "KSA": -0.37474158774535427,
    "DEN": -1.3784743553099204,
    "TUN": -1.2796407199209916,
    "MEX": -1.844612572894067,
    "POL": -0.8940125840612702,
    "FRA": -2.9971032390337036,
    "AUS": -1.0305897465555296,
    "MAR": -1.8707534521918712,
    "CRO": -3.4883555878046377,
    "GER": -0.9091603073705874,
    "JPN": 0.7176268457561648,
    "ESP": 2.4844747882438325,
    "CRC": -3.0883108451970647,
    "BEL": -0.7178922353655519,
    "CAN": -3.907029159033471,
    "SUI": -2.4230263664361975,
    "CMR": -0.5394435531078103,
    "URU": -1.8223307639582849,
    "KOR": -1.042267839320418,
    "POR": -1.6849505939304126,
    "GHA": 0.004912967992712902,
    "BRA": -2.16947043220106,
    "SRB": -2.0814875779332658,
    "BOL": -3.036290495181612,
    "PAR": -2.7062479680859757,
    "PER": -1.6067118989848492,
    "SCO": -0.7062387193569722,
    "ITA": -1.617403286709634,
    "ALB": -0.525691156804516,
    "SVK": 0.01635367968022472,
    "AUT": 0.007670220153613245,
    "HUN": -1.7755572475228438,
    "PAN": -2.875985219099172,
    "COL": -0.6273061506074218,
    "CHI": -1.6920479053627062,
    "GEO": -1.1793926681210185,
    "SVN": -0.1389294130400732,
    "VEN": -2.696515083266116,
    "TUR": -0.7352164664215884,
    "BAH": -1.3925941644015245,
    "IDN": -1.4758459375549835,
    "AND": -0.9026420296766708,
    "BUL": -2.2598726647949183,
    "JAM": -0.6939494776808471,
    "ZAM": -0.933412290649222,
    "ARM": -3.222532787370098,
    "UZB": -0.03066529469106608,
    "NIG": -1.4462343196563625,
    "TAN": 0.03955385549418442,
    "IRL": -0.558236491562166,
    "LAT": -0.0812201794259188,
    "CGO": -0.6909743154826938,
    "PUR": -1.093786604460771,
    "RSA": -1.0202583842302269,
    "CZE": -0.6793130571396644,
    "HAI": -0.03820268742766472,
    "CUW": -1.5746226120751845,
    "CIV": 0.04049737969408644,
    "SWE": 0.0848648416200509,
    "CPV": 0.48133924162995323
  },
  "away": {
    "QAT": -1.4003004773070633,
    "ECU": 0.31019450052847386,
    "ENG": 5.606712351210267,
    "IRN": 0.7371204930746121,
    "SEN": -0.8746348728073879,
    "NED": 1.7517409478984964,
    "USA": 1.7981218713826916,
    "WAL": -0.9419972174729032,
    "ARG": 15.770678375911979,
    "KSA": -0.7703581892825666,
    "DEN": -0.09422482935029836,
    "TUN": -0.6422466855006174,
    "MEX": 1.0882649762292531,
    "POL": 0.49076177008705213,
    "FRA": 5.619306423914856,
    "AUS": 0.6138829632857216,
    "MAR": 3.8426328880732425,
    "CRO": 3.306434027868298,
    "GER": 3.9386298600765586,
    "JPN": 2.417794113032275,
    "ESP": 8.874801404505607,
    "CRC": -0.21109972865903984,
    "BEL": -0.9132789631439754,
    "CAN": 0.3043998344678473,
    "SUI": 1.439266247975535,
    "CMR": 0.08169502321812783,
    "URU": 4.42994527734917,
    "KOR": 0.0549776762797326,
    "POR": 8.547341176081673,
    "GHA": 0.00033582312861581837,
    "BRA": 5.581907363462967,
    "SRB": -1.3249482820854042,
    "BOL": -1.0558493138054277,
    "PAR": 0.8592334277604278,
    "PER": -0.1098258766394707,
    "SCO": -0.04827454537376773,
    "ITA": 0.753291896761634,
    "ALB": 0.2828874876552128,
    "SVK": 0.001117846459154602,
    "AUT": 0.11221248002508266,
    "HUN": 0.19745360297320053,
    "PAN": 0.3817750327434163,
    "COL": 4.924581235393848,
    "CHI": -0.11565897074631157,
    "GEO": -1.384496143816992,
    "SVN": -0.009496440891346774,
    "VEN": 0.4920664202332571,
    "TUR": -0.7707428242725075,
    "BAH": -0.09518998085782572,
    "IDN": -0.10088060838983431,
    "AND": -0.06169958177536737,
    "BUL": -0.1544723087328172,
    "JAM": -0.7954526429389073,
    "ZAM": -0.06380286543678226,
    "ARM": -0.22027439306074087,
    "UZB": -0.4486219038137445,
    "NIG": -0.09885652311575135,
    "TAN": 0.5786582563038092,
    "IRL": 1.1445114469553368,
    "LAT": -1.1882211434532566,
    "CGO": -0.04723115574185502,
    "PUR": -0.07476516030491345,
    "RSA": -0.06973918069421804,
    "CZE": -0.04643405707030617,
    "HAI": -0.5588911679232432,
    "CUW": -0.1076324317114683,
    "CIV": 0.5924616658949683,
    "SWE": 1.2415412014785225,
    "CPV": 0.03290166968103478
  },
  "lam": 0.054,
  "gamma": 0.79,
  "c": 3.0,
  "b": 1.5,
  "calib_a": [
    -0.5769582028476501,
    -0.28744784126803685,
    0.8644060441156872,
    -0.544229786464521,
    0.1154660989513649,
    0.42876368751315524
  ],
  "trained_at": "2026-06-15T20:44:20+00:00",
  "n_matches": 157
}